employee_id,name,age,gender,department,city,salary,experience_years,performance_score,satisfaction_score,training_hours,projects_completed,attrition,salary_band,age_group,experience_band,salary_per_year_exp
EMP0001,Employee_1,50.0,Female,Finance,Chennai,82799.21172059803,16.0,2.9714583377897865,8.457000381154732,49.0,8,Yes,High,41-50,Expert,4870.54
EMP0002,Employee_2,36.0,Male,Marketing,Mumbai,99081.36037769768,16.5,2.6171589890194764,8.10363563487717,48.0,3,Yes,High,31-40,Expert,5661.79
EMP0003,Employee_3,29.0,Male,Hr,Chennai,74732.30768693922,8.0,3.1237507136483758,3.770162485126711,63.0,17,No,Medium,22-30,Senior,8303.59
EMP0004,Employee_4,42.0,Other,Engineering,Delhi,69530.71507090352,32.0,3.380526699622726,9.224095994859333,53.0,17,No,Medium,41-50,Expert,2106.99
EMP0005,Employee_5,40.0,Male,Operations,Pune,60027.29371927334,24.0,1.0396952845113423,9.575335153022554,71.0,4,No,Medium,31-40,Expert,2401.09
EMP0006,Employee_6,44.0,Male,Marketing,Delhi,92362.06285915858,16.5,2.8563806378140155,3.9406828782703673,48.0,19,Yes,High,41-50,Expert,5277.83
EMP0007,Employee_7,32.0,Female,Engineering,Pune,75798.52351824506,10.0,4.853996963550353,4.1898245391374935,98.0,10,No,High,31-40,Senior,6890.77
EMP0008,Employee_8,32.0,Female,Finance,Pune,109314.03668788775,34.0,3.0600226388388925,6.213830199957441,10.0,4,No,Very High,31-40,Expert,3123.26
EMP0009,Employee_9,45.0,Other,Engineering,Bangalore,41255.01153093858,13.0,3.7101690698358127,9.47008731280306,87.0,3,No,Low,41-50,Senior,2946.79
EMP0010,Employee_10,57.0,Female,Operations,Chennai,49937.50423597895,29.0,2.247455431667533,4.9712995030859215,48.0,11,No,Low,51-65,Expert,1664.58
EMP0011,Employee_11,45.0,Male,Marketing,Mumbai,98238.4720429416,3.0,4.09596551261105,1.923111663252308,20.0,1,No,High,41-50,Mid,24559.62
EMP0012,Employee_12,24.0,Male,Hr,Mumbai,43969.38906499646,3.0,4.091685927504461,4.534576689442746,53.0,12,No,Low,22-30,Mid,10992.35
EMP0013,Employee_13,43.0,Female,Finance,Hyderabad,99770.99909823864,27.0,3.085184190616556,5.9803407077479465,46.0,9,No,High,41-50,Expert,3563.25
EMP0014,Employee_14,23.0,Female,Marketing,Pune,70701.34988029215,16.5,4.904055293116855,5.52819225296386,82.0,8,No,Medium,22-30,Expert,4040.08
EMP0015,Employee_15,45.0,Male,Operations,Mumbai,64581.72361326631,1.0,1.5022008590506135,2.7447676114320343,27.0,9,No,Medium,41-50,Junior,32290.86
EMP0016,Employee_16,51.0,Female,Finance,Bangalore,79108.57192542938,21.0,1.067790659558324,8.729350940513392,16.0,6,No,High,51-65,Expert,3595.84
EMP0017,Employee_17,59.0,Male,Sales,Pune,48092.63095529002,15.0,4.080632847028384,5.973839227745463,5.0,3,No,Low,51-65,Senior,3005.79
EMP0018,Employee_18,23.0,Male,Engineering,Bangalore,91480.29661196705,28.0,4.228622149459531,5.367007978361737,18.0,18,No,High,22-30,Expert,3154.49
EMP0019,Employee_19,42.0,Male,Operations,Mumbai,69756.50880005046,29.0,1.480828916482305,8.72887851414525,55.0,9,No,Medium,41-50,Expert,2325.22
EMP0020,Employee_20,54.0,Male,Sales,Mumbai,92411.52431628483,11.0,2.0623313318344243,7.735202682991658,27.0,2,No,High,51-65,Senior,7700.96
EMP0021,Employee_21,33.0,Male,Marketing,Hyderabad,70069.82614891719,34.0,1.0702094534665156,4.952895411247456,65.0,18,Yes,Medium,31-40,Expert,2002.0
EMP0022,Employee_22,43.0,Male,Hr,Mumbai,44239.28584469119,10.0,2.1732344431222588,6.494920795138821,37.0,1,Yes,Low,41-50,Senior,4021.75
EMP0023,Employee_23,40.0,Male,Finance,Pune,45008.25087594134,20.0,4.092567495674686,2.4432886550776884,36.0,19,No,Low,31-40,Expert,2143.25
EMP0024,Employee_24,48.0,Female,Engineering,Pune,48407.133955213845,20.0,3.071842110850316,7.062808757274169,67.0,9,No,Low,41-50,Expert,2305.1
EMP0025,Employee_25,49.0,Female,Finance,Pune,74754.43445775365,4.0,3.0600226388388925,2.6132793016535265,85.0,1,No,Medium,41-50,Mid,14950.89
EMP0026,Employee_26,44.0,Female,Marketing,Hyderabad,77268.0012654521,19.0,2.486957179625321,7.245546314591412,89.0,1,No,High,41-50,Expert,3863.4
EMP0027,Employee_27,40.0,Female,Finance,Hyderabad,92368.87021481992,2.0,3.0600226388388925,3.066383446785718,48.0,16,No,High,31-40,Junior,30789.62
EMP0028,Employee_28,24.0,Male,Engineering,Mumbai,39079.42027033849,18.0,2.199202110260944,2.05796170135198,42.0,15,Yes,Low,22-30,Expert,2056.81
EMP0029,Employee_29,58.0,Male,Marketing,Delhi,77991.67555359376,8.0,3.585834966551722,2.487560411286617,35.0,15,Yes,High,51-65,Senior,8665.74
EMP0030,Employee_30,28.0,Female,Finance,Delhi,88888.12637890741,8.0,3.0600226388388925,1.0179292169716323,57.0,13,No,High,22-30,Senior,9876.46
EMP0031,Employee_31,42.0,Male,Hr,Hyderabad,68463.2741387573,3.0,4.388243307935598,7.468656560681772,12.0,6,No,Medium,41-50,Mid,17115.82
EMP0032,Employee_32,30.0,Female,Operations,Mumbai,51204.769165358,34.0,1.0943798585821165,7.591609441525412,51.0,10,No,Medium,22-30,Expert,1462.99
EMP0033,Employee_33,39.0,Male,Marketing,Delhi,99982.81283382238,16.0,4.594242418699357,5.634400149219335,57.0,0,No,High,31-40,Expert,5881.34
EMP0034,Employee_34,25.0,Female,Operations,Mumbai,68998.12077525232,33.0,4.132793653194504,2.4522652094984534,31.0,10,No,Medium,22-30,Expert,2029.36
EMP0035,Employee_35,46.0,Male,Marketing,Mumbai,74599.62201311142,23.0,4.121504494283922,1.7519890375962075,80.0,3,No,Medium,41-50,Expert,3108.32
EMP0036,Employee_36,35.0,Female,Hr,Mumbai,82672.23941575864,31.0,2.831983036014286,1.172160697935583,99.0,6,No,High,31-40,Expert,2583.51
EMP0037,Employee_37,30.0,Male,Operations,Chennai,56736.02188436777,0.0,2.5920211718180117,2.4917335926869866,52.0,14,Yes,Medium,22-30,Junior,56736.02
EMP0038,Employee_38,43.0,Other,Sales,Pune,69356.38841949502,15.5,2.2116629153327705,9.01769981484832,82.0,17,No,Medium,41-50,Expert,4203.42
EMP0039,Employee_39,23.0,Male,Engineering,Mumbai,92306.3380404076,22.0,1.262779435817463,3.173831575315136,57.0,11,No,High,22-30,Expert,4013.32
EMP0040,Employee_40,41.0,Female,Sales,Chennai,129028.51141478267,11.0,1.9129414539747964,4.188441944954941,98.0,16,No,Very High,41-50,Senior,10752.38
EMP0041,Employee_41,49.0,Female,Finance,Hyderabad,90462.14413390476,11.0,1.9864145399120985,1.9481093603319983,55.0,0,Yes,High,41-50,Senior,7538.51
EMP0042,Employee_42,28.0,Male,Hr,Delhi,51896.40497719136,14.0,2.9363082788408064,3.0012517427335323,27.0,10,No,Medium,22-30,Senior,3459.76
EMP0043,Employee_43,29.0,Female,Sales,Pune,75849.62846668088,18.0,3.989777626386776,5.673021137021846,0.0,0,No,High,22-30,Expert,3992.09
EMP0044,Employee_44,56.0,Female,Marketing,Delhi,67072.1232990439,25.0,2.8952393135917864,6.469774147860873,41.0,14,No,Medium,51-65,Expert,2579.7
EMP0045,Employee_45,35.0,Male,Finance,Pune,129028.51141478267,28.0,1.2313777977886424,6.213830199957441,81.0,9,Yes,Very High,31-40,Expert,4449.26
EMP0046,Employee_46,38.0,Female,Finance,Delhi,81713.15979297795,21.0,4.831159203952815,1.5195894330260549,47.0,6,No,High,31-40,Expert,3714.23
EMP0047,Employee_47,57.0,Female,Sales,Pune,78108.54661485873,20.0,4.770897276376449,4.519295822146588,58.0,1,No,High,51-65,Expert,3719.45
EMP0048,Employee_48,25.0,Female,Sales,Delhi,124314.6791083986,19.0,4.1407581725936335,3.107830338337007,96.0,9,No,Very High,22-30,Expert,6215.73
EMP0049,Employee_49,23.0,Male,Hr,Delhi,69183.87839711925,28.0,4.965311606256883,2.9759853090682173,62.0,3,No,Medium,22-30,Expert,2385.65
EMP0050,Employee_50,27.0,Male,Engineering,Delhi,66843.53827862912,3.0,3.177929331201052,9.638765224421098,75.0,11,No,Medium,22-30,Mid,16710.88
EMP0051,Employee_51,25.0,Female,Sales,Delhi,51865.00659327888,6.0,4.851073401012824,6.546704373331517,71.0,18,No,Medium,22-30,Mid,7409.29
EMP0052,Employee_52,50.0,Female,Sales,Hyderabad,44243.05348142259,27.0,1.302420162467003,6.011905988548863,87.0,10,No,Low,41-50,Expert,1580.11
EMP0053,Employee_53,44.0,Male,Operations,Mumbai,50593.652455684496,27.0,2.4627229930454853,4.741975931709897,52.0,7,No,Medium,41-50,Expert,1806.92
EMP0054,Employee_54,44.0,Female,Marketing,Bangalore,60626.361491134405,3.0,1.9015250720270636,4.8604990008712985,3.0,17,No,Medium,41-50,Mid,15156.59
EMP0055,Employee_55,55.0,Male,Operations,Chennai,101201.46188875704,21.0,1.78333233653708,5.868145034542727,52.0,10,No,Very High,51-65,Expert,4600.07
EMP0056,Employee_56,31.0,Male,Operations,Bangalore,75783.27808723718,11.0,1.5632117955707043,7.267868263324965,26.0,10,Yes,High,31-40,Senior,6315.27
EMP0057,Employee_57,57.0,Male,Finance,Bangalore,78866.61333905466,2.0,3.489654566263986,7.319314865636465,8.0,12,No,High,51-65,Junior,26288.87
EMP0058,Employee_58,35.0,Male,Engineering,Pune,73074.53383595806,21.0,4.125287422989221,2.5452451693490463,15.0,2,No,Medium,31-40,Expert,3321.57
EMP0059,Employee_59,52.0,Female,Marketing,Mumbai,82306.01986043577,1.0,3.3131935976814426,5.501014768689643,55.0,11,Yes,High,51-65,Junior,41153.01
EMP0060,Employee_60,36.0,Male,Hr,Pune,74732.30768693922,23.0,1.5878508383528387,4.7076228553069175,75.0,2,No,Medium,31-40,Expert,3113.85
EMP0061,Employee_61,29.0,Other,Hr,Mumbai,35121.38327463928,19.0,4.244495079733884,4.76746547426497,30.0,9,No,Low,22-30,Expert,1756.07
EMP0062,Employee_62,35.0,Other,Sales,Mumbai,99366.7463117076,15.5,3.543818828654914,6.682770290965387,87.0,16,No,High,31-40,Expert,6022.23
EMP0063,Employee_63,44.0,Female,Sales,Delhi,24699.23094929986,0.0,2.552662824507982,5.792536597743836,13.0,1,Yes,Low,41-50,Junior,24699.23
EMP0064,Employee_64,42.0,Male,Hr,Hyderabad,75564.05423043856,7.0,3.696521182144252,2.0385517796102564,24.0,16,No,High,41-50,Mid,9445.51
EMP0065,Employee_65,37.0,Male,Sales,Delhi,118838.1470948883,22.0,3.0588612380948463,6.450741003910703,33.0,15,No,Very High,31-40,Expert,5166.88
EMP0066,Employee_66,39.0,Female,Engineering,Hyderabad,88613.15879063089,5.0,2.380768833976842,2.054835151122101,66.0,1,No,High,31-40,Mid,14768.86
EMP0067,Employee_67,45.0,Female,Operations,Pune,129028.51141478267,21.0,4.66994337252796,4.034859180091768,23.0,19,No,Very High,41-50,Expert,5864.93
EMP0068,Employee_68,47.0,Male,Sales,Hyderabad,75849.62846668088,24.0,2.1620180226856816,2.2855776833289867,72.0,5,Yes,High,41-50,Expert,3033.99
EMP0069,Employee_69,46.0,Female,Finance,Pune,129028.51141478267,17.0,2.8799530726317464,7.22866282321932,25.0,9,No,Very High,41-50,Expert,7168.25
EMP0070,Employee_70,50.0,Female,Sales,Bangalore,83679.34844930095,16.0,4.5605645495840585,2.856269024525373,19.0,9,Yes,High,41-50,Expert,4922.31
EMP0071,Employee_71,36.0,Female,Marketing,Bangalore,86562.34194947786,11.0,3.83088540107011,4.526734358692234,63.0,7,No,High,31-40,Senior,7213.53
EMP0072,Employee_72,22.0,Female,Engineering,Hyderabad,64551.95731545949,5.0,1.248812904658811,9.061072998569008,9.0,0,No,Medium,22-30,Mid,10758.66
EMP0073,Employee_73,46.0,Female,Marketing,Hyderabad,66317.7964100804,25.0,1.5892121771158814,2.8388474505907326,82.0,12,No,Medium,41-50,Expert,2550.68
EMP0074,Employee_74,28.0,Male,Marketing,Pune,64124.41133553321,26.0,1.0313663630876673,5.570245575629012,66.0,8,Yes,Medium,22-30,Expert,2374.98
EMP0075,Employee_75,30.0,Female,Finance,Delhi,76746.29948017128,7.0,3.5236871609166536,4.773444950494199,23.0,9,No,High,22-30,Mid,9593.29
EMP0076,Employee_76,45.0,Female,Engineering,Pune,75798.52351824506,18.0,2.7906937016416733,1.1631163694115676,4.0,14,Yes,High,41-50,Expert,3989.4
EMP0077,Employee_77,22.0,Male,Engineering,Delhi,77464.60545829324,0.0,1.537099403609102,8.134823022155315,66.0,4,No,High,22-30,Junior,77464.61
EMP0078,Employee_78,29.0,Male,Engineering,Bangalore,89189.2363485971,28.0,2.9937883235313154,1.6214131568313976,57.0,15,No,High,22-30,Expert,3075.49
EMP0079,Employee_79,45.0,Male,Engineering,Mumbai,35617.05428052905,34.0,3.1186388957824795,5.268295188792583,26.0,12,No,Low,41-50,Expert,1017.63
EMP0080,Employee_80,32.0,Female,Engineering,Hyderabad,70634.97672514326,13.0,1.9675731764515567,6.0461046544505495,79.0,19,No,Medium,31-40,Senior,5045.36
EMP0081,Employee_81,38.0,Other,Finance,Delhi,54531.61379298708,34.0,3.00241428461883,6.655838109531284,14.0,17,Yes,Medium,31-40,Expert,1558.05
EMP0082,Employee_82,29.0,Male,Sales,Pune,75849.62846668088,19.0,3.718481330940431,7.197684663770881,34.0,10,No,High,22-30,Expert,3792.48
EMP0083,Employee_83,56.0,Female,Marketing,Bangalore,80738.34857344646,12.0,1.304956871894258,3.2794514517044355,75.0,8,Yes,High,51-65,Senior,6210.64
EMP0084,Employee_84,56.0,Male,Engineering,Delhi,72687.5577008509,18.0,2.098815260191568,1.0898089899260444,52.0,15,Yes,Medium,51-65,Expert,3825.66
EMP0085,Employee_85,54.0,Female,Sales,Pune,85205.58021064142,19.0,4.227861963535974,5.973839227745463,43.0,1,No,High,51-65,Expert,4260.28
EMP0086,Employee_86,26.0,Female,Sales,Hyderabad,94956.25436528056,32.0,2.838659481610645,5.820909394128208,25.0,1,Yes,High,22-30,Expert,2877.46
EMP0087,Employee_87,49.0,Female,Marketing,Hyderabad,73789.58955387383,25.0,2.973696108675881,8.52505932886524,46.0,11,Yes,Medium,41-50,Expert,2838.06
EMP0088,Employee_88,28.0,Male,Finance,Chennai,53966.10223800596,20.0,2.731264008837877,8.392495266106248,33.0,7,No,Medium,22-30,Expert,2569.81
EMP0089,Employee_89,30.0,Male,Hr,Mumbai,43374.84858161038,8.0,1.1755997705720205,4.76746547426497,86.0,8,No,Low,22-30,Senior,4819.43
EMP0090,Employee_90,29.0,Male,Hr,Chennai,75722.20350660257,23.0,1.6629991192806235,4.76746547426497,94.0,11,Yes,High,22-30,Expert,3155.09
EMP0091,Employee_91,33.0,Male,Sales,Bangalore,79837.33403027082,16.0,2.782166554967564,4.002655562531791,49.0,8,No,High,31-40,Expert,4696.31
EMP0092,Employee_92,55.0,Female,Operations,Delhi,55609.522209600414,23.0,1.8367418616317115,4.9712995030859215,83.0,9,No,Medium,51-65,Expert,2317.06
EMP0093,Employee_93,54.0,Female,Operations,Bangalore,89515.33646326065,20.0,1.199916114638715,5.061647017263295,11.0,1,No,High,51-65,Expert,4262.64
EMP0094,Employee_94,44.0,Other,Marketing,Pune,77991.67555359376,12.0,4.374598656207295,2.6509797676309104,86.0,15,No,High,41-50,Senior,5999.36
EMP0095,Employee_95,45.0,Other,Hr,Hyderabad,41871.34269657699,10.0,4.924770116656463,8.69476617605327,3.0,19,Yes,Low,41-50,Senior,3806.49
EMP0096,Employee_96,58.0,Female,Sales,Chennai,100128.72684690378,15.5,4.172571495986958,8.943038890951126,86.0,6,No,Very High,51-65,Expert,6068.41
EMP0097,Employee_97,56.0,Female,Finance,Chennai,97879.75838404326,10.0,4.415139686818668,5.196787805261531,47.0,1,No,High,51-65,Senior,8898.16
EMP0098,Employee_98,43.0,Female,Hr,Chennai,34688.01126673804,12.0,1.9679085212681813,1.6812975457880872,54.0,0,No,Low,41-50,Senior,2668.31
EMP0099,Employee_99,48.0,Female,Sales,Bangalore,63747.99436692616,0.0,4.842507902052799,4.490434809252381,0.0,18,No,Medium,41-50,Junior,63747.99
EMP0100,Employee_100,56.0,Male,Sales,Hyderabad,62968.32637171447,15.5,1.7877028178137135,5.973839227745463,88.0,3,No,Medium,51-65,Expert,3816.26
EMP0101,Employee_101,22.0,Male,Engineering,Delhi,107789.77318835004,11.0,4.8057192414473295,9.115966256916058,65.0,1,No,Very High,22-30,Senior,8982.48
EMP0102,Employee_102,56.0,Male,Finance,Pune,73014.14579916687,7.0,4.979277175863804,2.831254682478362,29.0,13,No,Medium,51-65,Mid,9126.77
EMP0103,Employee_103,58.0,Female,Engineering,Delhi,45082.43603889165,18.0,3.846891222984195,5.367007978361737,2.0,1,No,Low,51-65,Expert,2372.76
EMP0104,Employee_104,35.0,Female,Marketing,Bangalore,92642.09564481756,11.0,4.924574927167288,4.8604990008712985,20.0,14,Yes,High,31-40,Senior,7720.17
EMP0105,Employee_105,24.0,Male,Engineering,Pune,50384.48908467838,32.0,3.2781591182684147,4.504644450809877,88.0,11,Yes,Medium,22-30,Expert,1526.8
EMP0106,Employee_106,22.0,Female,Engineering,Chennai,69793.19018556477,25.0,2.0381671327043613,5.87584867840807,83.0,4,No,Medium,22-30,Expert,2684.35
EMP0107,Employee_107,42.0,Female,Hr,Mumbai,59604.62244238246,27.0,2.7479835426624835,9.71259230845683,48.0,19,No,Medium,41-50,Expert,2128.74
EMP0108,Employee_108,47.0,Male,Operations,Bangalore,63790.8980344012,4.0,3.374243741515144,1.5990825512280056,85.0,6,No,Medium,41-50,Mid,12758.18
EMP0109,Employee_109,35.0,Male,Sales,Bangalore,93745.16179127878,7.0,1.29232624810806,6.83486206706886,84.0,9,No,High,31-40,Mid,11718.15
EMP0110,Employee_110,48.0,Female,Finance,Hyderabad,105426.60322664332,24.0,3.4893730584689844,1.6669488031738036,46.0,13,No,Very High,41-50,Expert,4217.06
EMP0111,Employee_111,30.0,Male,Engineering,Delhi,49512.625072412426,26.0,4.924711347049178,4.379220356198504,96.0,13,Yes,Low,22-30,Expert,1833.8
EMP0112,Employee_112,36.0,Female,Finance,Bangalore,87521.52851015635,22.0,3.0600226388388925,8.234330906741022,37.0,4,No,High,31-40,Expert,3805.28
EMP0113,Employee_113,36.0,Male,Operations,Bangalore,60344.92740620008,29.0,4.170380465153533,4.90125009480071,14.0,17,Yes,Medium,31-40,Expert,2011.5
EMP0114,Employee_114,47.0,Female,Operations,Chennai,60966.56179951849,22.0,4.631595175118477,9.974641185126554,51.0,13,No,Medium,41-50,Expert,2650.72
EMP0115,Employee_115,34.0,Female,Engineering,Chennai,84812.7244284543,18.0,4.774806371280883,6.031533564519419,78.0,1,No,High,31-40,Expert,4463.83
EMP0116,Employee_116,53.0,Female,Marketing,Pune,129028.51141478267,17.0,4.840542417621789,3.890459373723581,45.0,11,No,Very High,51-65,Expert,7168.25
EMP0117,Employee_117,53.0,Female,Engineering,Mumbai,84412.0520155009,17.0,3.085838554885888,5.367007978361737,24.0,5,No,High,51-65,Expert,4689.56
EMP0118,Employee_118,42.0,Male,Hr,Hyderabad,89602.2671301947,1.0,4.909231631966015,4.154684808575457,20.0,3,Yes,High,41-50,Junior,44801.13
EMP0119,Employee_119,43.0,Male,Sales,Mumbai,66349.35476601963,3.0,4.0292408285377554,5.973839227745463,87.0,12,No,Medium,41-50,Mid,16587.34
EMP0120,Employee_120,58.0,Male,Marketing,Pune,101541.56204027332,29.0,1.6466857449478476,1.6184230995156488,4.0,3,No,Very High,51-65,Expert,3384.72
EMP0121,Employee_121,44.0,Female,Engineering,Chennai,49543.50775876986,32.0,2.90760042587188,4.326167794840958,69.0,13,No,Low,41-50,Expert,1501.32
EMP0122,Employee_122,36.0,Female,Finance,Delhi,101908.12381223345,17.0,3.873324701488016,5.178146677653024,46.0,15,No,Very High,31-40,Expert,5661.56
EMP0123,Employee_123,50.0,Female,Marketing,Chennai,36120.251410297344,18.0,1.9893612632763331,7.504639770149242,86.0,3,No,Low,41-50,Expert,1901.07
EMP0124,Employee_124,57.0,Male,Marketing,Hyderabad,128994.28280839018,27.0,3.562460734195549,6.910565362494472,67.0,0,No,Very High,51-65,Expert,4606.94
EMP0125,Employee_125,34.0,Male,Engineering,Chennai,66875.95522756335,19.0,3.666401916186477,7.378890897062388,90.0,12,No,Medium,31-40,Expert,3343.8
EMP0126,Employee_126,53.0,Male,Marketing,Hyderabad,51753.85687224765,32.0,1.6507989752342636,1.075273136891714,17.0,3,No,Medium,51-65,Expert,1568.3
EMP0127,Employee_127,28.0,Male,Finance,Hyderabad,70346.56182960003,11.0,3.260341249811025,2.9590065962248246,20.0,19,No,Medium,22-30,Senior,5862.21
EMP0128,Employee_128,43.0,Female,Operations,Hyderabad,54070.44114751143,14.0,4.08650764391443,6.955158595598708,91.0,17,No,Medium,41-50,Senior,3604.7
EMP0129,Employee_129,49.0,Male,Marketing,Pune,82739.30597709084,1.0,2.973696108675881,5.3559043136177245,98.0,5,No,High,41-50,Junior,41369.65
EMP0130,Employee_130,23.0,Male,Operations,Hyderabad,102353.14662940294,28.0,1.0484124671044297,1.0478212810151135,85.0,2,No,Very High,22-30,Expert,3529.42
EMP0131,Employee_131,27.0,Female,Finance,Hyderabad,55130.87547886645,9.0,1.0361538763171687,8.240451781886401,22.0,12,No,Medium,22-30,Senior,5513.09
EMP0132,Employee_132,49.0,Male,Engineering,Delhi,86587.98478348006,1.0,2.9937883235313154,7.955286159613037,63.0,15,No,High,41-50,Junior,43293.99
EMP0133,Employee_133,49.0,Male,Sales,Mumbai,44345.29262208481,15.5,4.704776273727128,5.935772466942064,66.0,4,Yes,Low,41-50,Expert,2687.59
EMP0134,Employee_134,44.0,Female,Marketing,Bangalore,95659.09466457224,12.0,1.914707118414435,1.598169931986449,39.0,3,No,High,41-50,Senior,7358.39
EMP0135,Employee_135,51.0,Male,Sales,Mumbai,83324.72733855191,9.0,3.5374547554867486,5.973839227745463,58.0,7,No,High,51-65,Senior,8332.47
EMP0136,Employee_136,32.0,Female,Finance,Hyderabad,96523.6664266064,13.0,1.8883034827732823,6.253422289582275,88.0,18,Yes,High,31-40,Senior,6894.55
EMP0137,Employee_137,49.0,Female,Marketing,Delhi,72553.06194717789,17.0,2.2866799586381945,8.037639794421633,51.0,13,No,Medium,41-50,Expert,4030.73
EMP0138,Employee_138,46.0,Female,Operations,Chennai,66296.86804290497,8.0,4.392168358405936,7.765722931562564,71.0,6,No,Medium,41-50,Senior,7366.32
EMP0139,Employee_139,54.0,Male,Hr,Delhi,91322.34872114666,27.0,3.915445769079788,8.227018647620534,74.0,13,Yes,High,51-65,Expert,3261.51
EMP0140,Employee_140,22.0,Female,Sales,Hyderabad,48839.029568831626,2.0,1.3815971092528423,5.662072597641624,60.0,5,Yes,Low,22-30,Junior,16279.68
EMP0141,Employee_141,48.0,Male,Marketing,Delhi,77991.67555359376,19.0,2.7148080839457345,2.262920663741635,63.0,11,Yes,High,41-50,Expert,3899.58
EMP0142,Employee_142,34.0,Male,Sales,Delhi,74900.76031919924,5.0,1.116679054581058,7.040417260417198,4.0,15,No,Medium,31-40,Mid,12483.46
EMP0143,Employee_143,44.0,Male,Marketing,Hyderabad,67208.06786282416,26.0,2.923560586412036,6.584264065467735,52.0,16,Yes,Medium,41-50,Expert,2489.19
EMP0144,Employee_144,40.0,Other,Engineering,Pune,86076.66663563091,1.0,3.649736046804272,7.680278684791784,54.0,12,No,High,31-40,Junior,43038.33
EMP0145,Employee_145,29.0,Male,Operations,Delhi,69756.50880005046,28.0,1.4740104943926062,4.9712995030859215,36.0,13,No,Medium,22-30,Expert,2405.4
EMP0146,Employee_146,43.0,Male,Sales,Bangalore,85660.28158302278,2.0,2.1555397556366627,5.973839227745463,55.0,6,No,High,41-50,Junior,28553.43
EMP0147,Employee_147,30.0,Female,Hr,Bangalore,95238.06623653493,15.0,2.591346502008628,9.013685654973957,58.0,13,No,High,22-30,Senior,5952.38
EMP0148,Employee_148,58.0,Male,Hr,Delhi,81421.04666664328,29.0,4.678124098624199,7.749800186068637,92.0,14,Yes,High,51-65,Expert,2714.03
EMP0149,Employee_149,54.0,Male,Finance,Pune,84891.91496642197,1.0,4.973020061691856,9.174056398302906,68.0,11,No,High,51-65,Junior,42445.96
EMP0150,Employee_150,45.0,Male,Marketing,Chennai,72666.85580335459,16.0,1.1796451959824634,4.8604990008712985,72.0,16,No,Medium,41-50,Expert,4274.52
EMP0151,Employee_151,36.0,Male,Sales,Hyderabad,84300.90922030364,11.0,3.0588612380948463,6.374397753912717,58.0,8,No,High,31-40,Senior,7025.08
EMP0152,Employee_152,53.0,Male,Finance,Bangalore,129028.51141478267,34.0,2.486896265609373,6.887194633250863,1.0,14,No,Very High,51-65,Expert,3686.53
EMP0153,Employee_153,53.0,Male,Sales,Chennai,81503.53593058127,0.0,2.56983274491792,9.00215131546009,64.0,11,No,High,51-65,Junior,81503.54
EMP0154,Employee_154,45.0,Female,Marketing,Delhi,71665.51933826323,14.0,4.01705989338809,4.8604990008712985,59.0,1,Yes,Medium,41-50,Senior,4777.7
EMP0155,Employee_155,33.0,Male,Hr,Chennai,91178.58400942596,25.0,4.673705728581634,6.691521918955487,50.0,4,No,High,31-40,Expert,3506.87
EMP0156,Employee_156,23.0,Male,Engineering,Mumbai,60790.94900330097,20.0,4.803714378010193,2.408290444032405,29.0,12,No,Medium,22-30,Expert,2894.81
EMP0157,Employee_157,24.0,Female,Hr,Bangalore,74732.30768693922,30.0,3.308490344153283,5.265290981044925,10.0,19,No,Medium,22-30,Expert,2410.72
EMP0158,Employee_158,58.0,Male,Finance,Delhi,101235.67800415152,24.0,2.4284846372020112,7.44757400762289,91.0,7,Yes,Very High,51-65,Expert,4049.43
EMP0159,Employee_159,38.0,Female,Operations,Hyderabad,56025.563541577496,22.0,4.150196343435117,4.9712995030859215,75.0,13,Yes,Medium,31-40,Expert,2435.89
EMP0160,Employee_160,23.0,Male,Engineering,Pune,31763.09076494738,23.0,2.004005533049201,2.820287624720814,38.0,14,No,Low,22-30,Expert,1323.46
EMP0161,Employee_161,23.0,Male,Finance,Delhi,82329.14332595943,27.0,3.256296115334071,3.82444127401974,89.0,10,Yes,High,22-30,Expert,2940.33
EMP0162,Employee_162,49.0,Male,Marketing,Hyderabad,69860.91019293001,16.5,2.4343138460994926,3.173505651935501,76.0,0,Yes,Medium,41-50,Expert,3992.05
EMP0163,Employee_163,44.0,Male,Engineering,Pune,95217.2448074368,17.0,3.626524294831504,5.367007978361737,71.0,2,No,High,41-50,Expert,5289.85
EMP0164,Employee_164,58.0,Male,Finance,Pune,72389.69840206012,34.0,1.961595651574028,4.823657585812782,62.0,16,No,Medium,51-65,Expert,2068.28
EMP0165,Employee_165,53.0,Male,Marketing,Delhi,62913.21856873376,8.0,1.766371782939303,9.170546624951808,63.0,18,No,Medium,51-65,Senior,6990.36
EMP0166,Employee_166,54.0,Male,Hr,Chennai,73483.65208363574,29.0,4.672956346701748,5.563536820648465,53.0,13,No,Medium,51-65,Expert,2449.46
EMP0167,Employee_167,22.0,Male,Operations,Chennai,96861.37173226422,33.0,1.4072147317981476,2.691283427337907,53.0,7,No,High,22-30,Expert,2848.86
EMP0168,Employee_168,40.0,Male,Marketing,Pune,86507.3925438475,31.0,3.023831630939726,4.8604990008712985,91.0,12,Yes,High,31-40,Expert,2703.36
EMP0169,Employee_169,23.0,Male,Sales,Chennai,26321.954869039306,2.0,1.883411131852036,7.265405306241327,93.0,19,No,Low,22-30,Junior,8773.98
EMP0170,Employee_170,47.0,Male,Marketing,Mumbai,78715.34984173543,2.0,1.1557198533026698,4.445188879927491,72.0,2,No,High,41-50,Junior,26238.45
EMP0171,Employee_171,53.0,Male,Marketing,Pune,79715.2426480281,27.0,2.973696108675881,8.396478519268234,94.0,4,No,High,51-65,Expert,2846.97
EMP0172,Employee_172,27.0,Female,Operations,Pune,74635.00069598961,14.0,1.7008870884233094,6.935596917766931,57.0,8,No,Medium,22-30,Senior,4975.67
EMP0173,Employee_173,53.0,Male,Sales,Hyderabad,62782.20216862822,22.0,4.4670814180240015,8.166173054872317,84.0,5,Yes,Medium,51-65,Expert,2729.66
EMP0174,Employee_174,25.0,Female,Finance,Chennai,98890.6374901289,10.0,2.129914975908106,3.4475143547660387,55.0,1,No,High,22-30,Senior,8990.06
EMP0175,Employee_175,32.0,Female,Finance,Pune,79116.76142009332,31.0,4.801836682301182,7.231230302149523,33.0,12,No,High,31-40,Expert,2472.4
EMP0176,Employee_176,38.0,Male,Marketing,Mumbai,30936.790783482764,32.0,3.326489171956774,3.376557862243469,30.0,4,No,Low,31-40,Expert,937.48
EMP0177,Employee_177,59.0,Female,Sales,Hyderabad,59040.81044517111,23.0,2.7464567590750644,9.451616315052624,51.0,7,No,Medium,51-65,Expert,2460.03
EMP0178,Employee_178,45.0,Female,Sales,Delhi,72105.3869742856,33.0,3.3203553386778184,6.7273685338003695,88.0,0,No,Medium,41-50,Expert,2120.75
EMP0179,Employee_179,26.0,Male,Operations,Pune,69756.50880005046,27.0,3.066793540905071,3.920606201578079,75.0,19,No,Medium,22-30,Expert,2491.3
EMP0180,Employee_180,55.0,Male,Hr,Mumbai,75697.05752783532,6.0,4.0351050150293,3.425606760630454,0.0,11,No,High,51-65,Mid,10813.87
EMP0181,Employee_181,27.0,Female,Finance,Bangalore,61328.123996701535,3.0,2.129984263891409,2.718339265644792,54.0,10,Yes,Medium,22-30,Mid,15332.03
EMP0182,Employee_182,43.0,Female,Operations,Mumbai,89190.6715461475,0.0,2.412201566401209,7.25176863004355,21.0,6,No,High,41-50,Junior,89190.67
EMP0183,Employee_183,32.0,Male,Engineering,Mumbai,70773.27828898015,0.0,4.576377210133003,2.968440516981346,39.0,14,No,Medium,31-40,Junior,70773.28
EMP0184,Employee_184,37.0,Male,Finance,Hyderabad,72651.98281690081,19.0,4.785826052601622,6.357729393347402,0.0,10,Yes,Medium,31-40,Expert,3632.6
EMP0185,Employee_185,54.0,Male,Operations,Delhi,74456.83133191848,18.0,4.570232909945898,3.381715242328216,64.0,15,No,Medium,51-65,Expert,3918.78
EMP0186,Employee_186,30.0,Male,Finance,Bangalore,86486.16881676968,28.0,2.6777919758292543,6.9577205031448175,62.0,2,No,High,22-30,Expert,2982.28
EMP0187,Employee_187,27.0,Female,Hr,Chennai,68829.00796652425,19.0,3.07480397752238,8.334457556864852,53.0,19,No,Medium,22-30,Expert,3441.45
EMP0188,Employee_188,37.0,Male,Engineering,Chennai,88738.92985294445,17.0,2.905342933204395,8.002227188301879,41.0,13,No,High,31-40,Expert,4929.94
EMP0189,Employee_189,50.0,Male,Hr,Mumbai,73538.62063185855,27.0,2.9901594085844088,7.847661978377036,53.0,2,Yes,Medium,41-50,Expert,2626.38
EMP0190,Employee_190,24.0,Female,Engineering,Hyderabad,53659.66827164248,34.0,1.818720436229136,2.6895016512302687,78.0,0,No,Medium,22-30,Expert,1533.13
EMP0191,Employee_191,41.0,Male,Marketing,Hyderabad,74264.47388609104,30.0,3.364521213034066,1.7954645228606685,48.0,14,No,Medium,41-50,Expert,2395.63
EMP0192,Employee_192,57.0,Male,Operations,Chennai,54695.7319370957,18.0,1.7445435910133915,4.9712995030859215,21.0,0,No,Medium,51-65,Expert,2878.72
EMP0193,Employee_193,40.0,Female,Engineering,Bangalore,75819.73579551883,10.0,2.326258796268775,4.315124924149162,37.0,16,No,High,31-40,Senior,6892.7
EMP0194,Employee_194,47.0,Female,Hr,Delhi,91589.47858462932,4.0,4.420120806479741,4.891116037630126,98.0,1,No,High,41-50,Mid,18317.9
EMP0195,Employee_195,24.0,Male,Finance,Bangalore,53527.419879957706,7.0,1.8283032368434209,1.2803418351405196,79.0,19,No,Medium,22-30,Mid,6690.93
EMP0196,Employee_196,40.0,Male,Engineering,Pune,82285.46811608877,33.0,1.2846331406937312,3.3361880434754427,7.0,5,No,High,31-40,Expert,2420.16
EMP0197,Employee_197,41.0,Male,Operations,Pune,69756.50880005046,11.0,1.2760303704512652,1.303087634870176,61.0,7,No,Medium,41-50,Senior,5813.04
EMP0198,Employee_198,53.0,Male,Engineering,Delhi,79034.01119833095,0.0,4.763138082012432,8.912671953411229,46.0,15,Yes,High,51-65,Junior,79034.01
EMP0199,Employee_199,28.0,Male,Sales,Chennai,92204.08484040968,30.0,3.0276817518473385,3.190570148966774,16.0,18,No,High,22-30,Expert,2974.33
EMP0200,Employee_200,54.0,Male,Finance,Delhi,32409.73851779917,3.0,2.6376482872680733,6.016034526157073,16.0,0,No,Low,51-65,Mid,8102.43
EMP0201,Employee_201,44.0,Male,Operations,Hyderabad,52710.48346257309,4.0,2.6326067634667925,4.9712995030859215,89.0,2,Yes,Medium,41-50,Mid,10542.1
EMP0202,Employee_202,22.0,Male,Operations,Pune,67620.41109780155,29.0,4.343303711642064,7.001626521750922,12.0,2,No,Medium,22-30,Expert,2254.01
EMP0203,Employee_203,32.0,Male,Marketing,Mumbai,81300.8097836323,23.0,2.3287641324624184,3.907246111786845,16.0,4,No,High,31-40,Expert,3387.53
EMP0204,Employee_204,49.0,Male,Hr,Mumbai,71672.33341283353,2.0,3.774472229895181,9.081272682618993,37.0,11,No,Medium,41-50,Junior,23890.78
EMP0205,Employee_205,46.0,Male,Marketing,Chennai,74082.38436038162,10.0,4.084491263407546,8.993063700406323,48.0,11,No,Medium,41-50,Senior,6734.76
EMP0206,Employee_206,44.0,Male,Operations,Hyderabad,115859.69050702514,3.0,3.618602747463818,3.92761556525573,77.0,19,Yes,Very High,41-50,Mid,28964.92
EMP0207,Employee_207,52.0,Male,Finance,Bangalore,50750.85442301545,25.0,1.6063802992003977,9.108648061214213,44.0,12,Yes,Medium,51-65,Expert,1951.96
EMP0208,Employee_208,51.0,Female,Engineering,Hyderabad,97709.7003272554,26.0,4.503532334068228,9.96541906148901,5.0,19,Yes,High,51-65,Expert,3618.88
EMP0209,Employee_209,40.0,Female,Engineering,Mumbai,68000.43745691166,26.0,2.9937883235313154,5.367007978361737,34.0,8,No,Medium,31-40,Expert,2518.53
EMP0210,Employee_210,28.0,Female,Finance,Mumbai,85989.49584997469,5.0,2.1298897054800148,8.60384212979706,13.0,6,Yes,High,22-30,Mid,14331.58
EMP0211,Employee_211,37.0,Female,Operations,Pune,117578.931114912,14.0,2.700912741750776,3.2410786249818093,71.0,3,No,Very High,31-40,Senior,7838.6
EMP0212,Employee_212,40.0,Male,Engineering,Hyderabad,88773.56047370852,29.0,1.1502843615956295,6.190321589719807,60.0,18,No,High,31-40,Expert,2959.12
EMP0213,Employee_213,23.0,Male,Engineering,Hyderabad,82449.9141958,34.0,1.5114672048896702,1.605303225706311,14.0,18,No,High,22-30,Expert,2355.71
EMP0214,Employee_214,22.0,Male,Engineering,Mumbai,106982.44670298752,22.0,4.062187002063443,1.8542614313950276,53.0,5,No,Very High,22-30,Expert,4651.41
EMP0215,Employee_215,33.0,Female,Hr,Bangalore,97495.97289186384,5.0,1.0000465390214646,9.990033508299616,26.0,12,No,High,31-40,Mid,16249.33
EMP0216,Employee_216,42.0,Female,Hr,Chennai,59012.11847677129,3.0,2.6662633139291687,3.939753244833199,53.0,10,No,Medium,41-50,Mid,14753.03
EMP0217,Employee_217,58.0,Male,Sales,Chennai,80890.4948490771,17.0,3.0900407243423538,7.733655208439617,30.0,12,No,High,51-65,Expert,4493.92
EMP0218,Employee_218,53.0,Male,Marketing,Hyderabad,40650.08531718481,8.0,1.2185376800038892,4.8604990008712985,34.0,12,No,Low,51-65,Senior,4516.68
EMP0219,Employee_219,30.0,Male,Finance,Chennai,64196.93223251498,28.0,4.892312651889331,8.722209439065063,59.0,19,No,Medium,22-30,Expert,2213.69
EMP0220,Employee_220,56.0,Male,Finance,Mumbai,81281.05935199719,12.0,1.904501324998688,9.978654676619408,5.0,14,Yes,High,51-65,Senior,6252.39
EMP0221,Employee_221,40.0,Female,Finance,Mumbai,62957.89294437482,17.0,2.2167948785451235,3.1734683673118105,68.0,12,No,Medium,31-40,Expert,3497.66
EMP0222,Employee_222,37.0,Female,Sales,Hyderabad,80467.3349194385,31.0,2.2157700490201093,1.3631574417372974,85.0,10,No,High,31-40,Expert,2514.6
EMP0223,Employee_223,24.0,Male,Hr,Hyderabad,74732.30768693922,21.0,1.9216666484694,4.76746547426497,57.0,18,No,Medium,22-30,Expert,3396.92
EMP0224,Employee_224,41.0,Other,Operations,Pune,85728.33464790086,3.0,1.0058952883452457,2.1707260284605225,48.0,7,No,High,41-50,Mid,21432.08
EMP0225,Employee_225,45.0,Female,Operations,Hyderabad,66516.01955943779,4.0,3.9173791763519854,1.2018330024584962,52.0,19,No,Medium,41-50,Mid,13303.2
EMP0226,Employee_226,54.0,Male,Sales,Bangalore,56197.02171126573,12.0,4.867381999197141,4.243841444273375,88.0,7,No,Medium,51-65,Senior,4322.85
EMP0227,Employee_227,45.0,Male,Operations,Chennai,104562.5365234652,33.0,1.89717393314018,8.053644259677128,33.0,9,No,Very High,41-50,Expert,3075.37
EMP0228,Employee_228,32.0,Male,Finance,Hyderabad,65086.06514620111,21.0,3.6521887672136897,6.095626221025638,25.0,15,Yes,Medium,31-40,Expert,2958.46
EMP0229,Employee_229,29.0,Male,Marketing,Delhi,88200.21186234236,22.0,3.967585307834861,3.8150019028931865,46.0,18,Yes,High,22-30,Expert,3834.79
EMP0230,Employee_230,57.0,Male,Engineering,Pune,103704.94052945072,2.0,4.393701516362099,6.889078049434477,4.0,10,No,Very High,51-65,Junior,34568.31
EMP0231,Employee_231,59.0,Male,Hr,Delhi,78253.39997995064,33.0,2.6905167880544365,3.0881636227792963,89.0,12,No,High,51-65,Expert,2301.57
EMP0232,Employee_232,41.0,Male,Hr,Mumbai,57873.86861113701,31.0,3.07480397752238,1.1294330146487652,19.0,8,No,Medium,41-50,Expert,1808.56
EMP0233,Employee_233,56.0,Male,Sales,Chennai,129028.51141478267,20.0,2.3011805360921245,7.8791804779278465,5.0,19,No,Very High,51-65,Expert,6144.21
EMP0234,Employee_234,46.0,Female,Hr,Hyderabad,95350.81833213508,20.0,3.8504853323940513,6.613687763776082,69.0,18,No,High,41-50,Expert,4540.52
EMP0235,Employee_235,56.0,Male,Finance,Delhi,79124.95091475725,10.0,4.267117866022544,6.213830199957441,58.0,15,No,High,51-65,Senior,7193.18
EMP0236,Employee_236,46.0,Male,Operations,Chennai,50897.16415591446,18.0,1.7264558710264106,1.3504421501889905,63.0,6,No,Medium,41-50,Expert,2678.8
EMP0237,Employee_237,50.0,Male,Finance,Mumbai,86932.87667067425,0.0,2.483764032631061,8.53407665047587,17.0,18,No,High,41-50,Junior,86932.88
EMP0238,Employee_238,39.0,Other,Sales,Bangalore,129028.51141478267,27.0,4.6077607869966,6.57573580032673,3.0,11,No,Very High,31-40,Expert,4608.16
EMP0239,Employee_239,39.0,Male,Finance,Pune,67893.76227764133,17.0,4.226774078778957,6.070558156413761,16.0,14,No,Medium,31-40,Expert,3771.88
EMP0240,Employee_240,23.0,Male,Operations,Chennai,69756.50880005046,34.0,2.6326067634667925,6.621526433030784,52.0,13,No,Medium,22-30,Expert,1993.04
EMP0241,Employee_241,56.0,Female,Marketing,Chennai,79900.37190920934,12.0,4.016993038728323,8.779899221815278,77.0,10,No,High,51-65,Senior,6146.18
EMP0242,Employee_242,37.0,Female,Sales,Bangalore,71051.40922715922,33.0,2.572780804111689,6.282428559030164,12.0,9,No,Medium,31-40,Expert,2089.75
EMP0243,Employee_243,57.0,Female,Marketing,Chennai,49129.28512812673,10.0,3.362551335978551,6.228553418993614,6.0,10,No,Low,51-65,Senior,4466.3
EMP0244,Employee_244,54.0,Male,Engineering,Mumbai,96559.07790211515,16.0,3.644057016989281,9.916112413591891,43.0,5,No,High,51-65,Expert,5679.95
EMP0245,Employee_245,25.0,Male,Marketing,Mumbai,90184.21999839669,34.0,1.3138232652684958,7.810571503617112,14.0,1,Yes,High,22-30,Expert,2576.69
EMP0246,Employee_246,54.0,Female,Engineering,Bangalore,86677.72588750625,17.0,3.1779878364154603,4.980644249060218,18.0,10,No,High,51-65,Expert,4815.43
EMP0247,Employee_247,35.0,Female,Engineering,Pune,75798.52351824506,21.0,2.9937883235313154,7.366573000296349,62.0,18,Yes,High,31-40,Expert,3445.39
EMP0248,Employee_248,44.0,Female,Marketing,Hyderabad,93903.87454027188,23.0,1.6692852160042415,4.503074245226096,34.0,5,No,High,41-50,Expert,3912.66
EMP0249,Employee_249,41.0,Female,Sales,Delhi,75849.62846668088,18.0,4.122526869702229,3.059879162351491,80.0,13,No,High,41-50,Expert,3992.09
EMP0250,Employee_250,29.0,Male,Operations,Hyderabad,30735.453039463377,18.0,3.3350911220564465,6.371666891989835,34.0,19,No,Low,22-30,Expert,1617.66
EMP0251,Employee_251,40.0,Female,Finance,Chennai,98937.89903604831,7.0,4.808887142790379,9.353638883025564,18.0,5,Yes,High,31-40,Mid,12367.24
EMP0252,Employee_252,24.0,Male,Finance,Delhi,76661.61028564101,27.0,1.1696891928275668,9.362255680139164,19.0,16,No,High,22-30,Expert,2737.91
EMP0253,Employee_253,38.0,Male,Operations,Bangalore,81249.83360514278,4.0,2.6326067634667925,4.077147502949413,99.0,9,No,High,31-40,Mid,16249.97
EMP0254,Employee_254,54.0,Male,Engineering,Bangalore,81386.66379386772,16.0,3.4062155171992963,5.749097195995255,34.0,0,No,High,51-65,Expert,4787.45
EMP0255,Employee_255,33.0,Male,Engineering,Pune,90476.6548728456,18.0,2.186239648823723,2.904723087128751,31.0,2,No,High,31-40,Expert,4761.93
EMP0256,Employee_256,43.0,Male,Sales,Delhi,75849.62846668088,26.0,3.857696656284969,9.960679985489952,47.0,7,No,High,41-50,Expert,2809.25
EMP0257,Employee_257,43.0,Male,Hr,Mumbai,87684.82286118445,33.0,3.07480397752238,9.830061170811422,43.0,7,No,High,41-50,Expert,2578.97
EMP0258,Employee_258,51.0,Female,Marketing,Delhi,77991.67555359376,10.0,1.4100638562658978,6.845580367367026,23.0,19,Yes,High,51-65,Senior,7090.15
EMP0259,Employee_259,59.0,Male,Engineering,Chennai,79630.25478591143,11.0,3.055417856827071,8.23972653709726,60.0,14,No,High,51-65,Senior,6635.85
EMP0260,Employee_260,59.0,Female,Finance,Mumbai,21254.237750377913,17.0,3.035562222364224,7.4359014515533,16.0,6,No,Low,51-65,Expert,1180.79
EMP0261,Employee_261,29.0,Male,Sales,Bangalore,69248.17961099623,10.0,2.4771230808621643,6.338423971355214,70.0,10,No,Medium,22-30,Senior,6295.29
EMP0262,Employee_262,48.0,Male,Marketing,Delhi,56168.20965298709,27.0,4.731699450278688,1.4801319729000793,49.0,6,No,Medium,41-50,Expert,2006.01
EMP0263,Employee_263,48.0,Male,Sales,Hyderabad,99214.7907787817,4.0,4.310025279492885,5.092879082973949,64.0,3,No,High,41-50,Mid,19842.96
EMP0264,Employee_264,55.0,Male,Marketing,Pune,87380.74396572588,16.0,3.788837527638547,7.073076719506695,98.0,11,Yes,High,51-65,Expert,5140.04
EMP0265,Employee_265,42.0,Male,Marketing,Hyderabad,65837.26025572531,19.0,3.85730654293999,7.097784524953162,31.0,5,No,Medium,41-50,Expert,3291.86
EMP0266,Employee_266,51.0,Male,Operations,Pune,67845.65635461512,11.0,2.8468645752524764,4.358103565801452,35.0,13,No,Medium,51-65,Senior,5653.8
EMP0267,Employee_267,54.0,Male,Engineering,Chennai,67120.37273395158,5.0,4.683978084386304,9.475227879922276,12.0,11,Yes,Medium,51-65,Mid,11186.73
EMP0268,Employee_268,49.0,Other,Sales,Hyderabad,66763.4769136216,15.5,3.7783817090131415,2.506213290131029,69.0,10,Yes,Medium,41-50,Expert,4046.27
EMP0269,Employee_269,43.0,Male,Sales,Delhi,46108.85112950405,18.0,3.9159242466232658,5.503235015940046,57.0,18,No,Low,41-50,Expert,2426.78
EMP0270,Employee_270,26.0,Female,Operations,Delhi,41774.410134444646,25.0,4.446763615149381,7.217955788957405,13.0,4,Yes,Low,22-30,Expert,1606.71
EMP0271,Employee_271,40.0,Male,Finance,Hyderabad,75580.93544763488,31.0,2.096286357368764,7.2742222530262834,36.0,13,Yes,High,31-40,Expert,2361.9
EMP0272,Employee_272,25.0,Female,Finance,Delhi,96506.28278718708,5.0,4.228283615466812,6.83775061091934,78.0,15,No,High,22-30,Mid,16084.38
EMP0273,Employee_273,56.0,Female,Engineering,Chennai,75798.52351824506,10.0,1.7809624118259682,3.4775939210667417,67.0,12,Yes,High,51-65,Senior,6890.77
EMP0274,Employee_274,40.0,Female,Engineering,Mumbai,81068.89501848091,32.0,2.381367808979552,2.4058591181795976,39.0,19,No,High,31-40,Expert,2456.63
EMP0275,Employee_275,49.0,Male,Hr,Chennai,89685.2183435345,19.0,3.07480397752238,6.723462941440398,58.0,3,No,High,41-50,Expert,4484.26
EMP0276,Employee_276,51.0,Male,Operations,Pune,69756.50880005046,22.0,2.6326067634667925,6.393719045254939,52.0,10,No,Medium,51-65,Expert,3032.89
EMP0277,Employee_277,40.0,Male,Finance,Chennai,74600.49142560194,14.0,4.426148894991707,2.6142040926031687,91.0,16,No,Medium,31-40,Senior,4973.37
EMP0278,Employee_278,27.0,Female,Marketing,Pune,61669.5903745297,26.0,3.804679446361039,7.34625231013507,15.0,6,No,Medium,22-30,Expert,2284.06
EMP0279,Employee_279,56.0,Female,Sales,Delhi,107122.38983662588,10.0,3.908227046461561,5.096547925602907,61.0,13,No,Very High,51-65,Senior,9738.4
EMP0280,Employee_280,58.0,Female,Engineering,Mumbai,106249.19013724229,16.0,3.2482911776102843,7.009845324428376,3.0,10,No,Very High,51-65,Expert,6249.95
EMP0281,Employee_281,45.0,Male,Sales,Delhi,55153.143202502986,13.0,4.788362668434076,8.536303717931357,58.0,8,No,Medium,41-50,Senior,3939.51
EMP0282,Employee_282,50.0,Female,Sales,Bangalore,82717.68766168652,26.0,2.985035011529446,2.5275558571923087,89.0,12,No,High,41-50,Expert,3063.62
EMP0283,Employee_283,52.0,Female,Hr,Delhi,96351.9860162498,17.0,2.522070839479578,1.17230381197153,53.0,17,No,High,51-65,Expert,5352.89
EMP0284,Employee_284,56.0,Male,Finance,Pune,91966.5900075266,27.0,1.652141347726364,8.011923277562081,95.0,10,No,High,51-65,Expert,3284.52
EMP0285,Employee_285,54.0,Male,Engineering,Delhi,76631.26069968731,3.0,4.144822609044232,6.487276826373543,65.0,14,Yes,High,51-65,Mid,19157.82
EMP0286,Employee_286,42.0,Female,Sales,Delhi,101131.14923528695,6.0,3.9377757283023658,7.296756126599095,30.0,18,No,Very High,41-50,Mid,14447.31
EMP0287,Employee_287,53.0,Female,Engineering,Mumbai,56909.70622021135,34.0,2.5374201540965395,5.367007978361737,2.0,0,Yes,Medium,51-65,Expert,1625.99
EMP0288,Employee_288,44.0,Female,Marketing,Delhi,68938.14111210615,8.0,1.1007736558369174,8.225298413420504,7.0,3,No,Medium,41-50,Senior,7659.79
EMP0289,Employee_289,54.0,Male,Hr,Mumbai,57447.1516048085,7.0,3.07480397752238,9.648281322359422,53.0,13,No,Medium,51-65,Mid,7180.89
EMP0290,Employee_290,44.0,Female,Marketing,Hyderabad,90649.86989401245,16.0,1.0456719338162943,5.823415709669064,14.0,13,No,High,41-50,Expert,5332.35
EMP0291,Employee_291,39.0,Male,Engineering,Bangalore,75798.52351824506,16.0,3.814799118516204,5.396460693939148,42.0,2,No,High,31-40,Expert,4458.74
EMP0292,Employee_292,46.0,Male,Engineering,Mumbai,71575.01649125828,32.0,4.881028438904228,4.616984799016571,30.0,16,No,Medium,41-50,Expert,2168.94
EMP0293,Employee_293,52.0,Male,Finance,Pune,87353.40736531498,17.0,2.750645312592814,6.213830199957441,72.0,2,No,High,51-65,Expert,4852.97
EMP0294,Employee_294,24.0,Female,Sales,Hyderabad,88964.99827555633,7.0,1.939893619983811,6.153465095938202,58.0,15,Yes,High,22-30,Mid,11120.62
EMP0295,Employee_295,45.0,Female,Sales,Mumbai,56857.47307489499,18.0,3.819484040173527,3.493112718933809,65.0,13,No,Medium,41-50,Expert,2992.5
EMP0296,Employee_296,53.0,Male,Marketing,Mumbai,96133.10567545584,2.0,4.268512568062341,9.29176760991678,7.0,19,No,High,51-65,Junior,32044.37
EMP0297,Employee_297,43.0,Male,Hr,Bangalore,84113.79337334502,4.0,3.185721264311389,6.248717238493878,70.0,12,No,High,41-50,Mid,16822.76
EMP0298,Employee_298,44.0,Female,Operations,Pune,53365.94320839197,12.0,2.6326067634667925,6.335561624572992,56.0,14,No,Medium,41-50,Senior,4105.07
EMP0299,Employee_299,23.0,Male,Sales,Chennai,48445.68208486775,15.5,1.2066748866318444,4.194321947893091,79.0,13,Yes,Low,22-30,Expert,2936.1
EMP0300,Employee_300,48.0,Female,Finance,Chennai,74683.60579475865,15.0,3.0191823932181125,1.4679041677993674,46.0,18,No,Medium,41-50,Senior,4667.73
EMP0301,Employee_301,23.0,Male,Marketing,Mumbai,92001.87978633618,31.0,2.973696108675881,1.2856938883568976,29.0,5,No,High,22-30,Expert,2875.06
EMP0302,Employee_302,47.0,Male,Marketing,Delhi,92514.3172480196,16.5,4.450561884596716,4.810016297378778,73.0,9,No,High,41-50,Expert,5286.53
EMP0303,Employee_303,44.0,Male,Operations,Pune,82123.33754449686,28.0,1.7170224476311602,1.7610884028751408,17.0,14,No,High,41-50,Expert,2831.84
EMP0304,Employee_304,54.0,Male,Finance,Hyderabad,75973.49676653651,21.0,4.200013927054726,6.461622599861252,68.0,19,No,High,51-65,Expert,3453.34
EMP0305,Employee_305,30.0,Female,Hr,Delhi,85234.7533815801,2.0,3.07480397752238,4.76746547426497,92.0,5,No,High,22-30,Junior,28411.58
EMP0306,Employee_306,40.0,Male,Finance,Delhi,57893.389712214834,17.0,3.0600226388388925,8.9462333486685,38.0,9,No,Medium,31-40,Expert,3216.3
EMP0307,Employee_307,47.0,Male,Hr,Pune,108739.75726050785,20.0,1.5268601143163745,6.931408691190091,59.0,6,No,Very High,41-50,Expert,5178.08
EMP0308,Employee_308,56.0,Female,Finance,Mumbai,108478.7683624504,15.0,4.461183035635649,2.901086483256379,97.0,16,No,Very High,51-65,Senior,6779.92
EMP0309,Employee_309,46.0,Male,Finance,Mumbai,83576.24629241395,11.0,1.6290928327188614,8.766971482229849,42.0,17,No,High,41-50,Senior,6964.69
EMP0310,Employee_310,45.0,Male,Engineering,Mumbai,75798.52351824506,1.0,2.239151436836397,8.974840917818874,44.0,16,No,High,41-50,Junior,37899.26
EMP0311,Employee_311,34.0,Female,Marketing,Mumbai,77991.67555359376,23.0,2.1601821278497475,2.769882264576628,22.0,8,No,High,31-40,Expert,3249.65
EMP0312,Employee_312,28.0,Female,Finance,Chennai,85574.97691599322,34.0,4.485656136763417,7.636834771936095,68.0,9,Yes,High,22-30,Expert,2445.0
EMP0313,Employee_313,57.0,Male,Operations,Mumbai,61173.652579664464,29.0,3.690811976835592,3.578675940344106,93.0,9,No,Medium,51-65,Expert,2039.12
EMP0314,Employee_314,41.0,Female,Finance,Chennai,30527.75938008939,29.0,4.186725588765489,8.223762811176368,5.0,6,No,Low,41-50,Expert,1017.59
EMP0315,Employee_315,22.0,Female,Sales,Chennai,21254.237750377913,34.0,2.001871595169996,9.975141099132424,55.0,15,No,Low,22-30,Expert,607.26
EMP0316,Employee_316,29.0,Male,Marketing,Mumbai,59010.03333673027,18.0,3.499496398427996,4.8604990008712985,3.0,17,No,Medium,22-30,Expert,3105.79
EMP0317,Employee_317,37.0,Male,Sales,Bangalore,78127.56245836556,7.0,3.2869839325749948,9.076292792118387,92.0,5,No,High,31-40,Mid,9765.95
EMP0318,Employee_318,35.0,Female,Marketing,Hyderabad,81639.43467906966,25.0,4.331321507153085,6.603674802387922,22.0,19,Yes,High,31-40,Expert,3139.98
EMP0319,Employee_319,33.0,Female,Sales,Delhi,65264.859829814304,6.0,4.624348241925042,9.760443572483393,5.0,0,No,Medium,31-40,Mid,9323.55
EMP0320,Employee_320,44.0,Male,Finance,Chennai,79116.76142009332,29.0,1.0486270859095472,6.213830199957441,31.0,0,No,High,41-50,Expert,2637.23
EMP0321,Employee_321,36.0,Female,Finance,Pune,69515.43285890938,6.0,3.69607967623517,8.626491375142365,46.0,11,No,Medium,31-40,Mid,9930.78
EMP0322,Employee_322,40.0,Female,Engineering,Pune,129028.51141478267,18.0,1.207343196478916,1.561546617384495,47.0,1,No,Very High,31-40,Expert,6790.97
EMP0323,Employee_323,55.0,Male,Operations,Hyderabad,73925.1098206175,0.0,3.195434660309424,4.017511450704662,39.0,3,Yes,Medium,51-65,Junior,73925.11
EMP0324,Employee_324,23.0,Male,Sales,Pune,91259.142247313,24.0,2.150530916174713,1.6031488397608895,95.0,16,No,High,22-30,Expert,3650.37
EMP0325,Employee_325,53.0,Male,Hr,Bangalore,55918.76504507355,0.0,2.227106398088565,9.778088201311634,72.0,3,No,Medium,51-65,Junior,55918.77
EMP0326,Employee_326,44.0,Female,Engineering,Pune,55927.90773960604,14.0,2.4118340138094263,8.352765165446531,73.0,10,No,Medium,41-50,Senior,3728.53
EMP0327,Employee_327,43.0,Male,Sales,Delhi,53614.98812095684,12.0,3.4851697961984405,8.672926791213735,83.0,3,No,Medium,41-50,Senior,4124.23
EMP0328,Employee_328,46.0,Female,Sales,Delhi,36269.62530983768,7.0,2.336199862675077,9.441687082905048,5.0,0,No,Low,41-50,Mid,4533.7
EMP0329,Employee_329,43.0,Female,Engineering,Chennai,65395.95251705962,4.0,3.9307962023611216,1.7659313750780683,62.0,6,No,Medium,41-50,Mid,13079.19
EMP0330,Employee_330,43.0,Female,Finance,Mumbai,129028.51141478267,17.0,2.6181095422954788,4.47037833262,66.0,17,No,Very High,41-50,Expert,7168.25
EMP0331,Employee_331,27.0,Male,Sales,Bangalore,78478.32167667526,0.0,1.2734128012398345,1.639314001396019,10.0,8,Yes,High,22-30,Junior,78478.32
EMP0332,Employee_332,40.0,Female,Finance,Chennai,71614.98231887387,34.0,4.135039369936429,2.897137913950257,42.0,2,No,Medium,31-40,Expert,2046.14
EMP0333,Employee_333,58.0,Male,Engineering,Bangalore,75798.52351824506,1.0,2.143033298370824,3.064291993339052,16.0,7,Yes,High,51-65,Junior,37899.26
EMP0334,Employee_334,54.0,Female,Finance,Mumbai,65220.37025141684,22.0,3.0600226388388925,5.221964899428208,46.0,18,No,Medium,51-65,Expert,2835.67
EMP0335,Employee_335,29.0,Male,Marketing,Pune,36042.26725473056,8.0,3.741775532887606,3.4170595070827834,3.0,3,No,Low,22-30,Senior,4004.7
EMP0336,Employee_336,26.0,Male,Hr,Pune,90674.37563629133,33.0,2.329824628594848,1.9088029613598496,62.0,17,No,High,22-30,Expert,2666.89
EMP0337,Employee_337,43.0,Female,Sales,Mumbai,96422.49147569302,13.0,3.0588612380948463,2.5074198018469693,67.0,19,No,High,41-50,Senior,6887.32
EMP0338,Employee_338,27.0,Male,Operations,Chennai,60436.86447864426,3.0,2.4956841880512544,2.3254800719688182,80.0,10,No,Medium,22-30,Mid,15109.22
EMP0339,Employee_339,53.0,Male,Hr,Mumbai,71983.28758786888,29.0,4.777794330777214,9.757691181210683,40.0,13,No,Medium,51-65,Expert,2399.44
EMP0340,Employee_340,51.0,Female,Finance,Hyderabad,70260.0165787968,17.0,3.5669375891942328,6.213830199957441,82.0,17,No,Medium,51-65,Expert,3903.33
EMP0341,Employee_341,56.0,Female,Sales,Delhi,82025.77618849083,10.0,3.685916594668828,5.973839227745463,4.0,15,No,High,51-65,Senior,7456.89
EMP0342,Employee_342,37.0,Female,Finance,Chennai,108797.8691325258,34.0,3.52912861455056,4.957664378571177,31.0,2,No,Very High,31-40,Expert,3108.51
EMP0343,Employee_343,34.0,Female,Marketing,Bangalore,98195.82490578612,7.0,1.7959685558377472,3.5053163349639096,85.0,14,No,High,31-40,Mid,12274.48
EMP0344,Employee_344,51.0,Male,Engineering,Hyderabad,75798.52351824506,2.0,2.6733354564091205,8.18463877488268,69.0,3,No,High,51-65,Junior,25266.17
EMP0345,Employee_345,40.0,Male,Sales,Chennai,85849.27723000474,13.0,4.0037591934532735,3.936285262370321,34.0,4,No,High,31-40,Senior,6132.09
EMP0346,Employee_346,38.0,Male,Marketing,Mumbai,100087.13737145426,12.0,1.4054915902126366,3.6944503633481354,21.0,16,No,Very High,31-40,Senior,7699.01
EMP0347,Employee_347,40.0,Male,Marketing,Mumbai,83166.90328789556,31.0,2.973696108675881,3.0925539298704807,64.0,6,Yes,High,31-40,Expert,2598.97
EMP0348,Employee_348,49.0,Female,Sales,Mumbai,74906.01191119655,33.0,2.1052764338634145,5.973839227745463,83.0,15,Yes,Medium,41-50,Expert,2203.12
EMP0349,Employee_349,47.0,Female,Finance,Mumbai,83920.00189334372,18.0,2.728075710378024,6.213830199957441,21.0,13,No,High,41-50,Expert,4416.84
EMP0350,Employee_350,44.0,Male,Operations,Bangalore,60934.569548730535,15.0,4.92147496376874,4.1978777362649895,10.0,15,Yes,Medium,41-50,Senior,3808.41
EMP0351,Employee_351,44.0,Male,Marketing,Hyderabad,63854.37751791838,1.0,2.973696108675881,7.065947873311574,76.0,6,No,Medium,41-50,Junior,31927.19
EMP0352,Employee_352,44.0,Female,Hr,Pune,53719.31529597806,16.0,3.07480397752238,1.5630835799750642,2.0,8,No,Medium,41-50,Expert,3159.96
EMP0353,Employee_353,30.0,Male,Marketing,Delhi,81141.29033140486,33.0,1.7174587280488418,2.8945624569880866,8.0,3,Yes,High,22-30,Expert,2386.51
EMP0354,Employee_354,44.0,Female,Operations,Bangalore,72371.94187955523,15.0,4.8827061816389765,8.281212762625088,59.0,10,No,Medium,41-50,Senior,4523.25
EMP0355,Employee_355,22.0,Male,Finance,Bangalore,58537.63877303841,1.0,1.4532140189098568,6.213830199957441,75.0,1,Yes,Medium,22-30,Junior,29268.82
EMP0356,Employee_356,22.0,Female,Finance,Pune,71716.4117675899,1.0,2.614404009446365,4.083806318702694,86.0,11,No,Medium,22-30,Junior,35858.21
EMP0357,Employee_357,42.0,Male,Hr,Pune,84399.9652152634,19.0,3.9515399393384247,8.78193029672326,13.0,11,Yes,High,41-50,Expert,4220.0
EMP0358,Employee_358,53.0,Female,Marketing,Delhi,77991.67555359376,12.0,3.818217712109781,2.394327800290984,96.0,3,No,High,51-65,Senior,5999.36
EMP0359,Employee_359,46.0,Female,Finance,Delhi,95241.35729407716,30.0,2.690914547575729,1.744631520563709,17.0,17,No,High,41-50,Expert,3072.3
EMP0360,Employee_360,22.0,Female,Operations,Pune,29317.042850353195,33.0,2.386096671810873,5.3608419557200975,72.0,6,No,Low,22-30,Expert,862.27
EMP0361,Employee_361,37.0,Female,Sales,Mumbai,79786.16933640692,2.0,2.5904495142114823,3.721775601506828,22.0,0,No,High,31-40,Junior,26595.39
EMP0362,Employee_362,26.0,Female,Engineering,Bangalore,75798.52351824506,7.0,2.057105052634557,6.070675280354687,73.0,12,No,High,22-30,Mid,9474.82
EMP0363,Employee_363,43.0,Female,Engineering,Chennai,48242.53017579535,22.0,1.8213317548271992,8.234244014351276,82.0,5,No,Low,41-50,Expert,2097.5
EMP0364,Employee_364,50.0,Male,Engineering,Delhi,75798.52351824506,13.0,2.93215879023556,2.2343363933746883,46.0,5,No,High,41-50,Senior,5414.18
EMP0365,Employee_365,24.0,Female,Marketing,Delhi,70267.15628937908,26.0,2.0741350242704293,6.226291760988564,68.0,11,No,Medium,22-30,Expert,2602.49
EMP0366,Employee_366,33.0,Female,Hr,Pune,98005.81061832322,28.0,2.1498466595890005,5.549578843508775,46.0,7,No,High,31-40,Expert,3379.51
EMP0367,Employee_367,40.0,Male,Finance,Hyderabad,83085.14390026905,0.0,3.627024253898228,6.213830199957441,86.0,18,No,High,31-40,Junior,83085.14
EMP0368,Employee_368,43.0,Female,Sales,Chennai,57319.69090881587,16.0,4.874149326799569,6.615986369760842,29.0,4,No,Medium,41-50,Expert,3371.75
EMP0369,Employee_369,44.0,Female,Operations,Chennai,70982.9704341876,29.0,3.4145488022375003,3.462763760746945,24.0,17,No,Medium,41-50,Expert,2366.1
EMP0370,Employee_370,43.0,Female,Sales,Delhi,72166.08647904753,12.0,1.3079178682598651,5.390508866896113,27.0,4,No,Medium,41-50,Senior,5551.24
EMP0371,Employee_371,50.0,Male,Operations,Mumbai,72536.43570379901,20.0,1.302334455416268,1.7404509184935568,97.0,9,No,Medium,41-50,Expert,3454.12
EMP0372,Employee_372,35.0,Male,Marketing,Hyderabad,97385.25889550523,18.0,4.805692883382264,5.136256514922607,24.0,0,No,High,31-40,Expert,5125.54
EMP0373,Employee_373,49.0,Other,Engineering,Chennai,75798.52351824506,18.0,2.1891631612293345,3.758171212385383,73.0,9,No,High,41-50,Expert,3989.4
EMP0374,Employee_374,26.0,Female,Marketing,Delhi,95061.02619322368,16.5,1.3682679443299015,8.401430900668188,77.0,4,No,High,22-30,Expert,5432.06
EMP0375,Employee_375,51.0,Male,Hr,Chennai,68955.0064815696,21.0,3.3961783486015262,1.5128085429763145,57.0,11,No,Medium,51-65,Expert,3134.32
EMP0376,Employee_376,26.0,Female,Hr,Hyderabad,79470.22212658329,19.0,3.4945951131610644,4.76746547426497,93.0,6,Yes,High,22-30,Expert,3973.51
EMP0377,Employee_377,33.0,Female,Operations,Hyderabad,76447.55172562068,16.0,3.5940192804747526,5.125882817182943,40.0,8,No,High,31-40,Expert,4496.91
EMP0378,Employee_378,37.0,Male,Finance,Bangalore,74563.89323836331,22.0,2.069608111430165,7.525054686692068,24.0,11,Yes,Medium,31-40,Expert,3241.91
EMP0379,Employee_379,47.0,Female,Finance,Pune,74727.94331109355,31.0,1.0604427368579,6.213830199957441,77.0,0,No,Medium,41-50,Expert,2335.25
EMP0380,Employee_380,47.0,Male,Operations,Pune,104147.1711654204,9.0,4.860061477817887,7.0049110347476296,98.0,10,Yes,Very High,41-50,Senior,10414.72
EMP0381,Employee_381,42.0,Male,Hr,Delhi,91848.99849812288,19.0,2.00357218276441,7.993443570865805,47.0,14,Yes,High,41-50,Expert,4592.45
EMP0382,Employee_382,57.0,Male,Hr,Hyderabad,67745.6862084014,7.0,3.70410515221019,8.759826762923698,97.0,1,No,Medium,51-65,Mid,8468.21
EMP0383,Employee_383,54.0,Female,Hr,Bangalore,106655.74508244183,19.0,3.8265194795148383,3.824879470502234,9.0,19,No,Very High,51-65,Expert,5332.79
EMP0384,Employee_384,51.0,Male,Marketing,Bangalore,80493.62147985706,31.0,3.4400296683179428,5.842204348275127,98.0,6,Yes,High,51-65,Expert,2515.43
EMP0385,Employee_385,58.0,Male,Hr,Chennai,82152.48518647789,13.0,2.251629576854593,8.5609727059528,74.0,11,No,High,51-65,Senior,5868.03
EMP0386,Employee_386,44.0,Male,Sales,Chennai,58253.61841337217,27.0,3.0588612380948463,9.905060178685508,10.0,17,No,Medium,41-50,Expert,2080.49
EMP0387,Employee_387,40.0,Male,Engineering,Bangalore,75798.52351824506,23.0,3.3906731308108125,9.005673799393868,84.0,2,No,High,31-40,Expert,3158.27
EMP0388,Employee_388,26.0,Female,Hr,Chennai,74732.30768693922,14.0,4.464382534446767,4.76746547426497,20.0,6,Yes,Medium,22-30,Senior,4982.15
EMP0389,Employee_389,44.0,Male,Operations,Hyderabad,76721.4572998735,21.0,4.786934915693582,2.756498654967854,85.0,10,No,High,41-50,Expert,3487.34
EMP0390,Employee_390,55.0,Male,Engineering,Mumbai,87775.66158896418,29.0,2.9937883235313154,5.404532836659299,44.0,17,No,High,51-65,Expert,2925.86
EMP0391,Employee_391,52.0,Female,Marketing,Hyderabad,82344.64598844427,3.0,1.6193144503908794,7.67477306652438,6.0,11,Yes,High,51-65,Mid,20586.16
EMP0392,Employee_392,31.0,Male,Operations,Bangalore,106760.88312139164,12.0,4.778945035132319,5.433121636779679,80.0,5,No,Very High,31-40,Senior,8212.38
EMP0393,Employee_393,40.0,Male,Engineering,Bangalore,57244.839895775294,22.0,3.9461409133391694,5.3486277698230165,47.0,4,No,Medium,31-40,Expert,2488.91
EMP0394,Employee_394,53.0,Male,Operations,Hyderabad,77297.38087077765,7.0,4.531975299319092,8.544073789736206,63.0,0,No,High,51-65,Mid,9662.17
EMP0395,Employee_395,22.0,Male,Marketing,Chennai,49341.21341403411,17.0,1.8105305365413729,4.252634011604677,1.0,11,No,Low,22-30,Expert,2741.18
EMP0396,Employee_396,26.0,Male,Sales,Chennai,75849.62846668088,11.0,3.3503434844376074,8.73815207330481,75.0,10,No,High,22-30,Senior,6320.8
EMP0397,Employee_397,25.0,Male,Marketing,Pune,100291.56754676928,16.5,3.804558377669895,4.661243208565512,41.0,3,No,Very High,22-30,Expert,5730.95
EMP0398,Employee_398,37.0,Male,Marketing,Bangalore,65736.70267057068,13.0,3.7204475417878906,3.954097951105055,81.0,17,No,Medium,31-40,Senior,4695.48
EMP0399,Employee_399,45.0,Female,Operations,Delhi,58932.72407879458,33.0,2.6326067634667925,5.085909200797291,53.0,3,No,Medium,41-50,Expert,1733.32
EMP0400,Employee_400,37.0,Male,Finance,Pune,32400.462488341054,17.0,3.0600226388388925,7.862022628073816,74.0,16,No,Low,31-40,Expert,1800.03
EMP0401,Employee_401,23.0,Female,Hr,Chennai,58732.90704422165,33.0,3.3317042272170525,2.1340182507759486,15.0,1,No,Medium,22-30,Expert,1727.44
EMP0402,Employee_402,49.0,Female,Hr,Hyderabad,70894.39451610042,10.0,2.012406156718435,2.7677729428481563,17.0,1,Yes,Medium,41-50,Senior,6444.94
EMP0403,Employee_403,53.0,Male,Sales,Chennai,47851.940804275786,11.0,2.8010169845715613,9.563003430967829,98.0,11,No,Low,51-65,Senior,3987.66
EMP0404,Employee_404,43.0,Female,Sales,Hyderabad,69744.33222035062,14.0,4.830324060335269,2.5794246464322166,58.0,5,No,Medium,41-50,Senior,4649.62
EMP0405,Employee_405,42.0,Male,Hr,Pune,74732.30768693922,30.0,2.596141270569739,6.109545861379491,89.0,9,No,Medium,41-50,Expert,2410.72
EMP0406,Employee_406,45.0,Female,Finance,Bangalore,60853.89319343335,28.0,4.359206426657707,6.213830199957441,15.0,15,No,Medium,41-50,Expert,2098.41
EMP0407,Employee_407,33.0,Male,Hr,Chennai,56132.33901260128,25.0,1.7541624229970043,4.76746547426497,53.0,13,No,Medium,31-40,Expert,2158.94
EMP0408,Employee_408,56.0,Male,Finance,Hyderabad,52521.970662698135,17.0,3.6898419921001153,6.802707237191367,56.0,6,Yes,Medium,51-65,Expert,2917.89
EMP0409,Employee_409,54.0,Male,Sales,Bangalore,52164.718149684,31.0,4.908027817755774,3.068440532178566,46.0,18,No,Medium,51-65,Expert,1630.15
EMP0410,Employee_410,54.0,Other,Engineering,Delhi,85711.54893776859,21.0,1.4075724034917472,5.973960409990734,47.0,16,No,High,51-65,Expert,3895.98
EMP0411,Employee_411,58.0,Male,Operations,Hyderabad,75973.37473766101,16.0,1.033279768908768,4.349559297222074,41.0,8,No,High,51-65,Expert,4469.02
EMP0412,Employee_412,33.0,Female,Sales,Pune,94137.13758551147,22.0,2.7343311705304574,6.955005336662701,75.0,12,Yes,High,31-40,Expert,4092.92
EMP0413,Employee_413,24.0,Male,Sales,Delhi,115396.75783308512,23.0,1.3705019322054688,2.271011890358345,59.0,4,No,Very High,22-30,Expert,4808.2
EMP0414,Employee_414,22.0,Female,Marketing,Delhi,38392.17736181704,7.0,3.993537398704925,6.137896751555286,76.0,4,No,Low,22-30,Mid,4799.02
EMP0415,Employee_415,54.0,Male,Marketing,Mumbai,82601.57416883546,5.0,4.658194655394236,2.6674331984499133,3.0,9,No,High,51-65,Mid,13766.93
EMP0416,Employee_416,31.0,Female,Marketing,Chennai,52627.61331132881,4.0,2.736083890835036,3.507787568035328,1.0,9,No,Medium,31-40,Mid,10525.52
EMP0417,Employee_417,50.0,Male,Operations,Hyderabad,69756.50880005046,28.0,2.034846568621764,2.968388202912249,89.0,6,No,Medium,41-50,Expert,2405.4
EMP0418,Employee_418,34.0,Male,Marketing,Delhi,69561.75997853128,27.0,2.737613276026439,2.645540018819354,58.0,14,No,Medium,31-40,Expert,2484.35
EMP0419,Employee_419,33.0,Male,Finance,Mumbai,75546.45521728347,10.0,3.893791271400004,8.431398564046003,26.0,6,No,High,31-40,Senior,6867.86
EMP0420,Employee_420,52.0,Male,Hr,Pune,49336.45144140384,0.0,1.036216646321484,3.571368108948013,26.0,14,Yes,Low,51-65,Junior,49336.45
EMP0421,Employee_421,40.0,Female,Engineering,Bangalore,66471.45949773665,18.0,3.3578159579387887,9.344114036780043,78.0,2,No,Medium,31-40,Expert,3498.5
EMP0422,Employee_422,56.0,Male,Sales,Hyderabad,76793.2450221652,8.0,3.4531667395495163,9.729338728106718,58.0,18,No,High,51-65,Senior,8532.58
EMP0423,Employee_423,44.0,Female,Finance,Delhi,102121.56293613416,26.0,3.550752987583742,6.1413442294338765,6.0,9,No,Very High,41-50,Expert,3782.28
EMP0424,Employee_424,38.0,Male,Engineering,Chennai,59108.78945182891,33.0,1.9680883199235089,2.2870101039915376,62.0,14,No,Medium,31-40,Expert,1738.49
EMP0425,Employee_425,47.0,Male,Finance,Mumbai,63986.16856939374,3.0,3.856210893512507,4.370934190416231,45.0,2,No,Medium,41-50,Mid,15996.54
EMP0426,Employee_426,29.0,Male,Finance,Delhi,93885.79284364564,17.0,1.3655659453271056,6.213830199957441,62.0,5,No,High,22-30,Expert,5215.88
EMP0427,Employee_427,50.0,Male,Sales,Chennai,57813.194326013785,14.0,1.7970813458672033,4.306516558273634,11.0,11,No,Medium,41-50,Senior,3854.21
EMP0428,Employee_428,47.0,Female,Hr,Delhi,97847.70287948252,12.0,4.509880186617927,1.7831549647250986,12.0,14,No,High,41-50,Senior,7526.75
EMP0429,Employee_429,31.0,Male,Marketing,Hyderabad,74818.26850547489,18.0,3.9548926029062654,4.8604990008712985,42.0,5,No,Medium,31-40,Expert,3937.8
EMP0430,Employee_430,47.0,Male,Operations,Hyderabad,69756.50880005046,5.0,1.054982216045381,8.606087663464313,16.0,12,No,Medium,41-50,Mid,11626.08
EMP0431,Employee_431,42.0,Female,Hr,Hyderabad,82350.44605018741,11.0,1.9935050414792008,8.163337484291521,62.0,18,No,High,41-50,Senior,6862.54
EMP0432,Employee_432,28.0,Female,Operations,Pune,62675.58893186784,16.0,1.8576259319726585,2.576108261173179,80.0,2,No,Medium,22-30,Expert,3686.8
EMP0433,Employee_433,43.0,Male,Sales,Pune,82797.7363894479,22.0,2.0832253121478903,7.0548815297122,35.0,7,No,High,41-50,Expert,3599.9
EMP0434,Employee_434,32.0,Male,Sales,Mumbai,59552.60431371399,25.0,1.9902390811195456,2.984538370920824,84.0,7,No,Medium,31-40,Expert,2290.48
EMP0435,Employee_435,43.0,Female,Sales,Hyderabad,64957.9399180224,28.0,1.250105182971383,2.96386781096955,7.0,19,No,Medium,41-50,Expert,2239.93
EMP0436,Employee_436,57.0,Male,Engineering,Chennai,86173.81932066551,32.0,2.8357620663872813,8.866645959746666,47.0,14,No,High,51-65,Expert,2611.33
EMP0437,Employee_437,46.0,Male,Operations,Delhi,80867.87911283805,26.0,3.930933899144661,3.2470205746620717,89.0,3,No,High,41-50,Expert,2995.11
EMP0438,Employee_438,42.0,Male,Hr,Bangalore,73500.70098321905,24.0,3.4269268988697457,3.369226118662101,79.0,18,No,Medium,41-50,Expert,2940.03
EMP0439,Employee_439,57.0,Female,Hr,Chennai,49825.367014739786,9.0,3.691486674392319,1.005880516851696,35.0,2,No,Low,51-65,Senior,4982.54
EMP0440,Employee_440,31.0,Female,Finance,Pune,54816.8342130074,22.0,1.3245967141449566,8.83602130712966,27.0,12,No,Medium,31-40,Expert,2383.34
EMP0441,Employee_441,58.0,Male,Finance,Pune,80534.1808780997,20.0,4.805962840707149,8.133353318882213,92.0,7,No,High,51-65,Expert,3834.96
EMP0442,Employee_442,30.0,Male,Finance,Chennai,89642.81126970232,20.0,4.353967335372099,6.645960415816102,46.0,15,No,High,22-30,Expert,4268.71
EMP0443,Employee_443,45.0,Male,Sales,Pune,52807.08990958486,15.5,4.22036127398265,7.752391875449581,75.0,12,No,Medium,41-50,Expert,3200.43
EMP0444,Employee_444,42.0,Female,Hr,Hyderabad,58203.49505095665,32.0,4.29193522016707,2.3684371068204264,29.0,2,No,Medium,41-50,Expert,1763.74
EMP0445,Employee_445,56.0,Male,Operations,Mumbai,77683.70348355439,23.0,4.730842032531045,5.124912351288179,22.0,15,No,High,51-65,Expert,3236.82
EMP0446,Employee_446,43.0,Male,Sales,Delhi,77255.75725258187,10.0,3.177015864454791,4.160974486139028,15.0,8,No,High,41-50,Senior,7023.25
EMP0447,Employee_447,39.0,Female,Engineering,Mumbai,75798.52351824506,16.0,1.8011280714705036,1.8439887363131484,13.0,13,No,High,31-40,Expert,4458.74
EMP0448,Employee_448,40.0,Male,Finance,Delhi,78231.26026879979,3.0,3.4671344314101646,5.375174366934317,73.0,12,No,High,31-40,Mid,19557.82
EMP0449,Employee_449,45.0,Female,Sales,Delhi,63032.64379539563,24.0,3.971525974671756,9.286656853083718,70.0,6,No,Medium,41-50,Expert,2521.31
EMP0450,Employee_450,44.0,Male,Sales,Mumbai,107820.93259457916,29.0,3.9516695734161016,1.3605320714562503,58.0,14,No,Very High,41-50,Expert,3594.03
EMP0451,Employee_451,53.0,Male,Engineering,Chennai,75798.52351824506,8.0,3.0857960966675204,3.623148221444145,36.0,6,No,High,51-65,Senior,8422.06
EMP0452,Employee_452,58.0,Male,Marketing,Delhi,83429.46899751805,20.0,1.2738348773343122,2.867868425851331,28.0,5,No,High,51-65,Expert,3972.83
EMP0453,Employee_453,33.0,Female,Hr,Mumbai,74732.30768693922,19.0,2.4844517537205117,3.1433198829912667,66.0,1,No,Medium,31-40,Expert,3736.62
EMP0454,Employee_454,34.0,Female,Operations,Delhi,50721.45238694872,18.0,2.6326067634667925,9.175910966914378,14.0,8,No,Medium,31-40,Expert,2669.55
EMP0455,Employee_455,44.0,Female,Marketing,Bangalore,77991.67555359376,18.0,2.973696108675881,5.212621488108611,99.0,16,Yes,High,41-50,Expert,4104.83
EMP0456,Employee_456,46.0,Male,Finance,Chennai,42541.77505097653,11.0,3.0600226388388925,5.196694716458369,46.0,4,No,Low,41-50,Senior,3545.15
EMP0457,Employee_457,56.0,Female,Sales,Hyderabad,90914.06283399485,16.0,2.075414057528774,7.845180782097539,45.0,11,No,High,51-65,Expert,5347.89
EMP0458,Employee_458,51.0,Male,Engineering,Delhi,87373.27874961299,27.0,2.473795679666316,2.390429836044332,51.0,0,No,High,51-65,Expert,3120.47
EMP0459,Employee_459,38.0,Male,Engineering,Bangalore,65459.9524017408,34.0,2.9937883235313154,5.385388186900457,18.0,9,No,Medium,31-40,Expert,1870.28
EMP0460,Employee_460,41.0,Female,Hr,Hyderabad,88329.00633426779,17.0,3.665852190107343,4.869866927089538,76.0,10,No,High,41-50,Expert,4907.17
EMP0461,Employee_461,46.0,Male,Marketing,Hyderabad,68648.53602352524,13.0,4.149548107009331,6.372196214919905,20.0,15,Yes,Medium,41-50,Senior,4903.47
EMP0462,Employee_462,42.0,Male,Hr,Delhi,61490.77110288444,34.0,2.8173816922706205,4.76746547426497,63.0,13,No,Medium,41-50,Expert,1756.88
EMP0463,Employee_463,34.0,Male,Sales,Mumbai,84391.18338705855,6.0,3.520988877824632,7.925040046738424,36.0,7,Yes,High,31-40,Mid,12055.88
EMP0464,Employee_464,40.0,Male,Hr,Delhi,74732.30768693922,12.0,1.99353443497283,4.580791327156845,26.0,16,No,Medium,31-40,Senior,5748.64
EMP0465,Employee_465,57.0,Male,Operations,Bangalore,70514.8968248486,17.0,3.821843321133945,8.447977470466423,54.0,17,No,Medium,51-65,Expert,3917.49
EMP0466,Employee_466,33.0,Female,Engineering,Hyderabad,63116.46502540085,12.0,2.710405334813349,2.5363752698123214,28.0,11,No,Medium,31-40,Senior,4855.11
EMP0467,Employee_467,40.0,Male,Engineering,Delhi,68280.4098085411,30.0,2.7701820592589823,1.274173176780641,47.0,16,No,Medium,31-40,Expert,2202.59
EMP0468,Employee_468,33.0,Female,Finance,Mumbai,83654.57198260368,1.0,3.597289298307526,2.8400353521784574,24.0,13,Yes,High,31-40,Junior,41827.29
EMP0469,Employee_469,30.0,Female,Finance,Delhi,63112.67255307588,15.0,4.745122485875706,4.063704005028336,69.0,15,No,Medium,22-30,Senior,3944.54
EMP0470,Employee_470,28.0,Male,Sales,Chennai,71153.5217385527,8.0,1.2560253864344837,5.595226817136039,62.0,13,No,Medium,22-30,Senior,7905.95
EMP0471,Employee_471,49.0,Male,Operations,Mumbai,64937.09496196837,8.0,4.29897294938803,6.536162264870798,35.0,8,No,Medium,41-50,Senior,7215.23
EMP0472,Employee_472,35.0,Male,Marketing,Bangalore,103879.93331149092,10.0,2.1695324416487725,4.8604990008712985,1.0,3,No,Very High,31-40,Senior,9443.63
EMP0473,Employee_473,52.0,Female,Hr,Hyderabad,81852.2479642778,21.0,2.7756778180255117,5.588686085954119,21.0,10,No,High,51-65,Expert,3720.56
EMP0474,Employee_474,40.0,Male,Sales,Delhi,79401.3926593344,32.0,1.0876533151000358,5.511480801631564,95.0,5,No,High,31-40,Expert,2406.1
EMP0475,Employee_475,37.0,Female,Finance,Mumbai,88668.37009246848,22.0,2.204184311337252,1.452187088406839,15.0,14,No,High,31-40,Expert,3855.15
EMP0476,Employee_476,26.0,Male,Hr,Chennai,63117.30846450227,33.0,3.010524970520522,1.3142039739060145,17.0,4,No,Medium,22-30,Expert,1856.39
EMP0477,Employee_477,56.0,Female,Finance,Mumbai,92185.1444999968,8.0,1.224704309389756,5.960439657247349,68.0,10,No,High,51-65,Senior,10242.79
EMP0478,Employee_478,33.0,Male,Hr,Pune,81923.55491665483,23.0,2.9643829175326606,4.9436075192351,53.0,17,No,High,31-40,Expert,3413.48
EMP0479,Employee_479,46.0,Male,Marketing,Chennai,43782.18194491869,7.0,4.70844251543371,8.552623554822688,48.0,12,Yes,Low,41-50,Mid,5472.77
EMP0480,Employee_480,42.0,Female,Sales,Bangalore,46439.38333798471,6.0,1.4215728724312209,2.446116262406606,29.0,10,No,Low,41-50,Mid,6634.2
EMP0481,Employee_481,57.0,Female,Hr,Hyderabad,63554.05894431869,19.0,4.057762912302017,1.2247449590534465,44.0,13,No,Medium,51-65,Expert,3177.7
EMP0482,Employee_482,44.0,Male,Operations,Bangalore,48579.870082696594,2.0,2.6386842135039705,5.0413489113711325,18.0,17,No,Low,41-50,Junior,16193.29
EMP0483,Employee_483,37.0,Female,Engineering,Delhi,75798.52351824506,27.0,3.620694858097352,5.367007978361737,86.0,18,No,High,31-40,Expert,2707.09
EMP0484,Employee_484,35.0,Male,Operations,Mumbai,54725.24017168272,5.0,2.040946391940917,1.446529360049537,33.0,14,No,Medium,31-40,Mid,9120.87
EMP0485,Employee_485,52.0,Female,Operations,Pune,73045.53893858162,20.0,2.6326067634667925,7.52138458162866,12.0,8,No,Medium,51-65,Expert,3478.36
EMP0486,Employee_486,26.0,Female,Engineering,Chennai,103234.18751862911,27.0,2.9937883235313154,2.004336999615228,42.0,7,Yes,Very High,22-30,Expert,3686.94
EMP0487,Employee_487,56.0,Male,Operations,Chennai,74012.4619288763,0.0,1.2819677825725786,6.474875500069945,61.0,19,No,Medium,51-65,Junior,74012.46
EMP0488,Employee_488,44.0,Male,Hr,Mumbai,68940.71090196143,20.0,1.742586819604972,3.529447751502002,92.0,0,No,Medium,41-50,Expert,3282.89
EMP0489,Employee_489,50.0,Male,Hr,Pune,82764.85295570688,34.0,3.656877539955873,2.561464453195198,99.0,3,No,High,41-50,Expert,2364.71
EMP0490,Employee_490,32.0,Male,Hr,Mumbai,74732.30768693922,12.0,4.526762447374033,4.417763706273857,21.0,13,No,Medium,31-40,Senior,5748.64
EMP0491,Employee_491,39.0,Female,Engineering,Delhi,91868.28618792,9.0,4.256502742364647,8.213011986006583,51.0,1,No,High,31-40,Senior,9186.83
EMP0492,Employee_492,44.0,Male,Operations,Bangalore,84904.25906248223,9.0,3.740537239497936,4.528842192141154,51.0,15,No,High,41-50,Senior,8490.43
EMP0493,Employee_493,30.0,Male,Engineering,Chennai,75777.31124097128,12.0,1.441727453644411,7.756926842899501,35.0,2,Yes,High,22-30,Senior,5829.02
EMP0494,Employee_494,31.0,Female,Hr,Delhi,78086.31663267173,23.0,2.1567497851838,2.129376671192356,72.0,7,Yes,High,31-40,Expert,3253.6
EMP0495,Employee_495,44.0,Other,Operations,Bangalore,115834.91821125704,1.0,2.239227501289876,7.954942776985712,18.0,5,No,Very High,41-50,Junior,57917.46
EMP0496,Employee_496,59.0,Male,Operations,Delhi,93846.24420535736,21.0,1.999827785590485,3.132399924159838,37.0,15,No,High,51-65,Expert,4265.74
EMP0497,Employee_497,28.0,Male,Finance,Pune,118990.53262322668,16.0,3.0600226388388925,7.096538168999855,46.0,15,No,Very High,22-30,Expert,6999.44
EMP0498,Employee_498,34.0,Male,Finance,Chennai,85640.60386584904,13.0,3.1422152595186903,6.092033993568967,78.0,6,Yes,High,31-40,Senior,6117.19
EMP0499,Employee_499,30.0,Male,Marketing,Mumbai,45566.17114658623,9.0,2.427543900684441,9.362302454905189,56.0,12,No,Low,22-30,Senior,4556.62
EMP0500,Employee_500,48.0,Female,Sales,Mumbai,69756.52594272318,34.0,2.415156634945744,4.485902661777827,19.0,12,No,Medium,41-50,Expert,1993.04
EMP0398,Employee_398,37.0,Male,Marketing,Bangalore,65736.70267057068,13.0,3.7204475417878906,3.954097951105055,81.0,17,No,Medium,31-40,Senior,4695.48
EMP0011,Employee_11,45.0,Male,Marketing,Mumbai,98238.4720429416,3.0,4.09596551261105,1.923111663252308,20.0,1,No,High,41-50,Mid,24559.62
EMP0466,Employee_466,33.0,Female,Engineering,Hyderabad,63116.46502540085,12.0,2.710405334813349,2.5363752698123214,28.0,11,No,Medium,31-40,Senior,4855.11
